1	1	DOPA	30	3.39865E+11	1603018108	1605427162	"[ { ""weight"": 80, ""symbol"": { ""symbol"": ""8,DOP"", ""contract"": ""dolphintoken"" }, ""reserve"": ""712807.19478544 DOP"" }, { ""weight"": 20, ""symbol"": { ""symbol"": ""4,EOS"", ""contract"": ""eosio.token"" }, ""reserve"": ""106897.7140 EOS"" } ]"
2	2	DOPB	30	4.65338E+11	1603018174	1605426613	"[ { ""weight"": 80, ""symbol"": { ""symbol"": ""10,DMD"", ""contract"": ""eosdmdtokens"" }, ""reserve"": ""13704.4790335903 DMD"" }, { ""weight"": 20, ""symbol"": { ""symbol"": ""4,EOS"", ""contract"": ""eosio.token"" }, ""reserve"": ""103024.2915 EOS"" } ]"
3	3	DOPC	30	2775094884	1603018228	1605426697	"[ { ""weight"": 80, ""symbol"": { ""symbol"": ""4,HUB"", ""contract"": ""eoshubtokens"" }, ""reserve"": ""1019839.1299 HUB"" }, { ""weight"": 20, ""symbol"": { ""symbol"": ""4,EOS"", ""contract"": ""eosio.token"" }, ""reserve"": ""61397.4639 EOS"" } ]"
4	4	DOPD	30	8346213723	1603018259	1605426974	"[ { ""weight"": 80, ""symbol"": { ""symbol"": ""4,EOS"", ""contract"": ""eosio.token"" }, ""reserve"": ""1040066.6053 EOS"" }, { ""weight"": 20, ""symbol"": { ""symbol"": ""4,USDT"", ""contract"": ""tethertether"" }, ""reserve"": ""660446.5157 USDT"" } ]"
5	5	DOPE	30	4315495187	1603018295	1605426496	"[ { ""weight"": 50, ""symbol"": { ""symbol"": ""4,OGX"", ""contract"": ""organixtoken"" }, ""reserve"": ""1487783.6562 OGX"" }, { ""weight"": 50, ""symbol"": { ""symbol"": ""4,EOS"", ""contract"": ""eosio.token"" }, ""reserve"": ""125176.7684 EOS"" } ]"
6	6	DOPF	30	64777930164	1603018303	1605427065	"[ { ""weight"": 50, ""symbol"": { ""symbol"": ""4,KEY"", ""contract"": ""mkstaketoken"" }, ""reserve"": ""418172541.8141 KEY"" }, { ""weight"": 50, ""symbol"": { ""symbol"": ""4,EOS"", ""contract"": ""eosio.token"" }, ""reserve"": ""100344.8659 EOS"" } ]"
7	7	DOPG	30	3695116704	1603019475	1605426262	"[ { ""weight"": 80, ""symbol"": { ""symbol"": ""4,DEOS"", ""contract"": ""eosdmddtoken"" }, ""reserve"": ""739094.8880 DEOS"" }, { ""weight"": 20, ""symbol"": { ""symbol"": ""4,EOS"", ""contract"": ""eosio.token"" }, ""reserve"": ""184677.3859 EOS"" } ]"
8	8	DOPH	30	6029146	1603115118	1605424911	"[ { ""weight"": 50, ""symbol"": { ""symbol"": ""8,DOP"", ""contract"": ""dolphintoken"" }, ""reserve"": ""7.80249790 DOP"" }, { ""weight"": 50, ""symbol"": { ""symbol"": ""4,EOS"", ""contract"": ""eosio.token"" }, ""reserve"": ""4.6658 EOS"" } ]"
9	9	DOPI	30	1446363	1603115860	1605416222	"[ { ""weight"": 98, ""symbol"": { ""symbol"": ""8,DOP"", ""contract"": ""dolphintoken"" }, ""reserve"": ""10.33735526 DOP"" }, { ""weight"": 2, ""symbol"": { ""symbol"": ""4,EOS"", ""contract"": ""eosio.token"" }, ""reserve"": ""0.1218 EOS"" } ]"
10	10	DOPJ	30	1897366	1603116036	1604885431	"[ { ""weight"": 98, ""symbol"": { ""symbol"": ""4,SB"", ""contract"": ""ooxx.n"" }, ""reserve"": ""45000000.0000 SB"" }, { ""weight"": 2, ""symbol"": { ""symbol"": ""4,EOS"", ""contract"": ""eosio.token"" }, ""reserve"": ""0.0008 EOS"" } ]"
11	11	DOPK	30	0	1603118312	1605368028	"[ { ""weight"": 50, ""symbol"": { ""symbol"": ""4,EOS"", ""contract"": ""eosio.token"" }, ""reserve"": ""0.0000 EOS"" }, { ""weight"": 50, ""symbol"": { ""symbol"": ""10,DMD"", ""contract"": ""eosdmdtokens"" }, ""reserve"": ""0.0000000000 DMD"" } ]"
12	12	DOPL	30	0	1603119088	1603193793	"[ { ""weight"": 98, ""symbol"": { ""symbol"": ""4,HUB"", ""contract"": ""eoshubtokens"" }, ""reserve"": ""0.0000 HUB"" }, { ""weight"": 2, ""symbol"": { ""symbol"": ""4,EOS"", ""contract"": ""eosio.token"" }, ""reserve"": ""0.0000 EOS"" } ]"
13	13	DOPM	30	0	1603122207	1604566341	"[ { ""weight"": 50, ""symbol"": { ""symbol"": ""4,EOS"", ""contract"": ""eosio.token"" }, ""reserve"": ""0.0000 EOS"" }, { ""weight"": 50, ""symbol"": { ""symbol"": ""4,WOW"", ""contract"": ""tennisfortwo"" }, ""reserve"": ""0.0000 WOW"" } ]"
14	14	DOPN	30	0	1603125441	1603872153	"[ { ""weight"": 98, ""symbol"": { ""symbol"": ""4,EOS"", ""contract"": ""eosio.token"" }, ""reserve"": ""0.0000 EOS"" }, { ""weight"": 2, ""symbol"": { ""symbol"": ""8,DOP"", ""contract"": ""dolphintoken"" }, ""reserve"": ""0.00000000 DOP"" } ]"
15	15	DOPO	30	0	1603142052	1604333436	"[ { ""weight"": 80, ""symbol"": { ""symbol"": ""4,EOS"", ""contract"": ""eosio.token"" }, ""reserve"": ""0.0000 EOS"" }, { ""weight"": 20, ""symbol"": { ""symbol"": ""8,DOP"", ""contract"": ""dolphintoken"" }, ""reserve"": ""0.00000000 DOP"" } ]"
16	16	DOPP	30	0	1603142762	1603142762	"[ { ""weight"": 80, ""symbol"": { ""symbol"": ""4,EOS"", ""contract"": ""eosio.token"" }, ""reserve"": ""0.0000 EOS"" }, { ""weight"": 20, ""symbol"": { ""symbol"": ""4,WOOL"", ""contract"": ""woolfintoken"" }, ""reserve"": ""0.0000 WOOL"" } ]"
17	17	DOPQ	30	505178	1603142809	1605425748	"[ { ""weight"": 80, ""symbol"": { ""symbol"": ""4,WOOL"", ""contract"": ""woolfintoken"" }, ""reserve"": ""615.4236 WOOL"" }, { ""weight"": 20, ""symbol"": { ""symbol"": ""4,EOS"", ""contract"": ""eosio.token"" }, ""reserve"": ""1.8895 EOS"" } ]"
18	18	DOPR	30	0	1603144673	1604075905	"[ { ""weight"": 20, ""symbol"": { ""symbol"": ""4,EOS"", ""contract"": ""eosio.token"" }, ""reserve"": ""0.0000 EOS"" }, { ""weight"": 80, ""symbol"": { ""symbol"": ""4,USDT"", ""contract"": ""tethertether"" }, ""reserve"": ""0.0000 USDT"" } ]"
19	19	DOPS	30	2843780	1603148162	1605422495	"[ { ""weight"": 50, ""symbol"": { ""symbol"": ""4,USDT"", ""contract"": ""tethertether"" }, ""reserve"": ""453.2646 USDT"" }, { ""weight"": 50, ""symbol"": { ""symbol"": ""4,EOS"", ""contract"": ""eosio.token"" }, ""reserve"": ""178.5182 EOS"" } ]"
20	20	DOPT	30	14142	1603158658	1604263365	"[ { ""weight"": 2, ""symbol"": { ""symbol"": ""4,EOS"", ""contract"": ""eosio.token"" }, ""reserve"": ""0.0178 EOS"" }, { ""weight"": 98, ""symbol"": { ""symbol"": ""4,USDT"", ""contract"": ""tethertether"" }, ""reserve"": ""2.1722 USDT"" } ]"
21	21	DOPU	30	0	1603179284	1603241817	"[ { ""weight"": 98, ""symbol"": { ""symbol"": ""4,CCC"", ""contract"": ""eoscccdotcom"" }, ""reserve"": ""0.0000 CCC"" }, { ""weight"": 2, ""symbol"": { ""symbol"": ""8,DOP"", ""contract"": ""dolphintoken"" }, ""reserve"": ""0.00000000 DOP"" } ]"
22	22	DOPV	30	168194	1603180876	1604700656	"[ { ""weight"": 50, ""symbol"": { ""symbol"": ""4,CCC"", ""contract"": ""eoscccdotcom"" }, ""reserve"": ""6250.0248 CCC"" }, { ""weight"": 50, ""symbol"": { ""symbol"": ""4,EOS"", ""contract"": ""eosio.token"" }, ""reserve"": ""0.0454 EOS"" } ]"
23	23	DOPW	30	0	1603180923	1603180923	"[ { ""weight"": 20, ""symbol"": { ""symbol"": ""4,CCC"", ""contract"": ""eoscccdotcom"" }, ""reserve"": ""0.0000 CCC"" }, { ""weight"": 80, ""symbol"": { ""symbol"": ""4,EOS"", ""contract"": ""eosio.token"" }, ""reserve"": ""0.0000 EOS"" } ]"
24	24	DOPX	30	972236094	1603184031	1605425765	"[ { ""weight"": 50, ""symbol"": { ""symbol"": ""4,WOOL"", ""contract"": ""woolfintoken"" }, ""reserve"": ""878948.9956 WOOL"" }, { ""weight"": 50, ""symbol"": { ""symbol"": ""4,EOS"", ""contract"": ""eosio.token"" }, ""reserve"": ""10754.3356 EOS"" } ]"
25	25	DOPY	30	0	1603184145	1603184145	"[ { ""weight"": 50, ""symbol"": { ""symbol"": ""3,IQ"", ""contract"": ""everipediaiq"" }, ""reserve"": ""0.000 IQ"" }, { ""weight"": 50, ""symbol"": { ""symbol"": ""4,EOS"", ""contract"": ""eosio.token"" }, ""reserve"": ""0.0000 EOS"" } ]"
26	26	DOPZ	30	0	1603184215	1603232659	"[ { ""weight"": 80, ""symbol"": { ""symbol"": ""3,IQ"", ""contract"": ""everipediaiq"" }, ""reserve"": ""0.000 IQ"" }, { ""weight"": 20, ""symbol"": { ""symbol"": ""4,EOS"", ""contract"": ""eosio.token"" }, ""reserve"": ""0.0000 EOS"" } ]"
27	27	DOPAA	30	0	1603184859	1603184859	"[ { ""weight"": 50, ""symbol"": { ""symbol"": ""4,EOS"", ""contract"": ""eosio.token"" }, ""reserve"": ""0.0000 EOS"" }, { ""weight"": 50, ""symbol"": { ""symbol"": ""4,DICE"", ""contract"": ""betdicetoken"" }, ""reserve"": ""0.0000 DICE"" } ]"
28	28	DOPAB	30	26673	1603185332	1603538649	"[ { ""weight"": 2, ""symbol"": { ""symbol"": ""8,DOP"", ""contract"": ""dolphintoken"" }, ""reserve"": ""0.00711470 DOP"" }, { ""weight"": 98, ""symbol"": { ""symbol"": ""4,DEOS"", ""contract"": ""eosdmddtoken"" }, ""reserve"": ""0.1000 DEOS"" } ]"
29	29	DOPAC	30	0	1603186171	1603186171	"[ { ""weight"": 50, ""symbol"": { ""symbol"": ""4,SB"", ""contract"": ""ooxx.n"" }, ""reserve"": ""0.0000 SB"" }, { ""weight"": 50, ""symbol"": { ""symbol"": ""8,DOP"", ""contract"": ""dolphintoken"" }, ""reserve"": ""0.00000000 DOP"" } ]"
30	30	DOPAD	30	0	1603192469	1604192962	"[ { ""weight"": 80, ""symbol"": { ""symbol"": ""4,EOS"", ""contract"": ""eosio.token"" }, ""reserve"": ""0.0000 EOS"" }, { ""weight"": 20, ""symbol"": { ""symbol"": ""10,SSC"", ""contract"": ""seashellcoin"" }, ""reserve"": ""0.0000000000 SSC"" } ]"
31	31	DOPAE	30	0	1603193787	1603618253	"[ { ""weight"": 98, ""symbol"": { ""symbol"": ""4,TPT"", ""contract"": ""eosiotptoken"" }, ""reserve"": ""0.0000 TPT"" }, { ""weight"": 2, ""symbol"": { ""symbol"": ""4,EOS"", ""contract"": ""eosio.token"" }, ""reserve"": ""0.0000 EOS"" } ]"
32	32	DOPAF	30	0	1603206752	1603325379	"[ { ""weight"": 80, ""symbol"": { ""symbol"": ""10,SSC"", ""contract"": ""seashellcoin"" }, ""reserve"": ""0.0000000000 SSC"" }, { ""weight"": 20, ""symbol"": { ""symbol"": ""4,EOS"", ""contract"": ""eosio.token"" }, ""reserve"": ""0.0000 EOS"" } ]"
33	33	DOPAG	30	0	1603244428	1603244428	"[ { ""weight"": 98, ""symbol"": { ""symbol"": ""4,KEY"", ""contract"": ""mkstaketoken"" }, ""reserve"": ""0.0000 KEY"" }, { ""weight"": 2, ""symbol"": { ""symbol"": ""4,HUB"", ""contract"": ""eoshubtokens"" }, ""reserve"": ""0.0000 HUB"" } ]"
34	34	DOPAH	30	0	1603256526	1605176681	"[ { ""weight"": 50, ""symbol"": { ""symbol"": ""4,DEOS"", ""contract"": ""eosdmddtoken"" }, ""reserve"": ""0.0000 DEOS"" }, { ""weight"": 50, ""symbol"": { ""symbol"": ""4,EOS"", ""contract"": ""eosio.token"" }, ""reserve"": ""0.0000 EOS"" } ]"
35	35	DOPAI	30	100640230	1603270172	1605408339	"[ { ""weight"": 80, ""symbol"": { ""symbol"": ""4,VIG"", ""contract"": ""vig111111111"" }, ""reserve"": ""717733.0785 VIG"" }, { ""weight"": 20, ""symbol"": { ""symbol"": ""4,EOS"", ""contract"": ""eosio.token"" }, ""reserve"": ""83.1114 EOS"" } ]"
36	36	DOPAJ	30	0	1603278154	1603793582	"[ { ""weight"": 2, ""symbol"": { ""symbol"": ""4,EOS"", ""contract"": ""eosio.token"" }, ""reserve"": ""0.0000 EOS"" }, { ""weight"": 98, ""symbol"": { ""symbol"": ""4,KEY"", ""contract"": ""mkstaketoken"" }, ""reserve"": ""0.0000 KEY"" } ]"
37	37	DOPAK	30	0	1603289791	1603290548	"[ { ""weight"": 2, ""symbol"": { ""symbol"": ""4,EOS"", ""contract"": ""eosio.token"" }, ""reserve"": ""0.0000 EOS"" }, { ""weight"": 98, ""symbol"": { ""symbol"": ""4,TANKK"", ""contract"": ""tankfortress"" }, ""reserve"": ""0.0000 TANKK"" } ]"
38	38	DOPAL	30	0	1603290364	1603290364	"[ { ""weight"": 50, ""symbol"": { ""symbol"": ""4,EOS"", ""contract"": ""eosio.token"" }, ""reserve"": ""0.0000 EOS"" }, { ""weight"": 50, ""symbol"": { ""symbol"": ""4,TANKK"", ""contract"": ""tankfortress"" }, ""reserve"": ""0.0000 TANKK"" } ]"
39	39	DOPAM	30	0	1603342061	1603342061	"[ { ""weight"": 50, ""symbol"": { ""symbol"": ""8,YFC"", ""contract"": ""yfctokenmain"" }, ""reserve"": ""0.00000000 YFC"" }, { ""weight"": 50, ""symbol"": { ""symbol"": ""4,EOS"", ""contract"": ""eosio.token"" }, ""reserve"": ""0.0000 EOS"" } ]"
40	40	DOPAN	30	0	1603342099	1603342099	"[ { ""weight"": 80, ""symbol"": { ""symbol"": ""8,YFC"", ""contract"": ""yfctokenmain"" }, ""reserve"": ""0.00000000 YFC"" }, { ""weight"": 20, ""symbol"": { ""symbol"": ""4,EOS"", ""contract"": ""eosio.token"" }, ""reserve"": ""0.0000 EOS"" } ]"
41	41	DOPAO	30	0	1603342165	1603342165	"[ { ""weight"": 50, ""symbol"": { ""symbol"": ""4,DAPP"", ""contract"": ""dappservices"" }, ""reserve"": ""0.0000 DAPP"" }, { ""weight"": 50, ""symbol"": { ""symbol"": ""4,EOS"", ""contract"": ""eosio.token"" }, ""reserve"": ""0.0000 EOS"" } ]"
42	42	DOPAP	30	0	1603342203	1603342203	"[ { ""weight"": 80, ""symbol"": { ""symbol"": ""4,DAPP"", ""contract"": ""dappservices"" }, ""reserve"": ""0.0000 DAPP"" }, { ""weight"": 20, ""symbol"": { ""symbol"": ""4,EOS"", ""contract"": ""eosio.token"" }, ""reserve"": ""0.0000 EOS"" } ]"
43	43	DOPAQ	30	0	1603342297	1603342297	"[ { ""weight"": 50, ""symbol"": { ""symbol"": ""4,DFS"", ""contract"": ""minedfstoken"" }, ""reserve"": ""0.0000 DFS"" }, { ""weight"": 50, ""symbol"": { ""symbol"": ""4,EOS"", ""contract"": ""eosio.token"" }, ""reserve"": ""0.0000 EOS"" } ]"
44	44	DOPAR	30	0	1603342329	1603342329	"[ { ""weight"": 80, ""symbol"": { ""symbol"": ""4,DFS"", ""contract"": ""minedfstoken"" }, ""reserve"": ""0.0000 DFS"" }, { ""weight"": 20, ""symbol"": { ""symbol"": ""4,EOS"", ""contract"": ""eosio.token"" }, ""reserve"": ""0.0000 EOS"" } ]"
45	45	DOPAS	30	0	1603346469	1603346469	"[ { ""weight"": 98, ""symbol"": { ""symbol"": ""4,EOS"", ""contract"": ""eosio.token"" }, ""reserve"": ""0.0000 EOS"" }, { ""weight"": 2, ""symbol"": { ""symbol"": ""3,IQ"", ""contract"": ""everipediaiq"" }, ""reserve"": ""0.000 IQ"" } ]"
46	46	DOPAT	30	0	1603352164	1603352164	"[ { ""weight"": 98, ""symbol"": { ""symbol"": ""4,EOS"", ""contract"": ""eosio.token"" }, ""reserve"": ""0.0000 EOS"" }, { ""weight"": 2, ""symbol"": { ""symbol"": ""4,TPT"", ""contract"": ""eosiotptoken"" }, ""reserve"": ""0.0000 TPT"" } ]"
47	47	DOPAU	30	0	1603352286	1603352286	"[ { ""weight"": 50, ""symbol"": { ""symbol"": ""4,TPT"", ""contract"": ""eosiotptoken"" }, ""reserve"": ""0.0000 TPT"" }, { ""weight"": 50, ""symbol"": { ""symbol"": ""4,USDT"", ""contract"": ""tethertether"" }, ""reserve"": ""0.0000 USDT"" } ]"
48	48	DOPAV	30	13139756813	1603378240	1605425420	"[ { ""weight"": 50, ""symbol"": { ""symbol"": ""4,EOS"", ""contract"": ""eosio.token"" }, ""reserve"": ""25889.0151 EOS"" }, { ""weight"": 50, ""symbol"": { ""symbol"": ""4,TKT"", ""contract"": ""eossanguotkt"" }, ""reserve"": ""66689907.9445 TKT"" } ]"
49	49	DOPAW	30	0	1603448434	1603448434	"[ { ""weight"": 80, ""symbol"": { ""symbol"": ""4,EOS"", ""contract"": ""eosio.token"" }, ""reserve"": ""0.0000 EOS"" }, { ""weight"": 20, ""symbol"": { ""symbol"": ""4,DFS"", ""contract"": ""minedfstoken"" }, ""reserve"": ""0.0000 DFS"" } ]"
50	50	DOPAX	30	0	1603454859	1603454859	"[ { ""weight"": 98, ""symbol"": { ""symbol"": ""4,EOS"", ""contract"": ""eosio.token"" }, ""reserve"": ""0.0000 EOS"" }, { ""weight"": 2, ""symbol"": { ""symbol"": ""4,DEOS"", ""contract"": ""eosdmddtoken"" }, ""reserve"": ""0.0000 DEOS"" } ]"
51	51	DOPAY	30	0	1603489203	1603489203	"[ { ""weight"": 50, ""symbol"": { ""symbol"": ""4,USDT"", ""contract"": ""tethertether"" }, ""reserve"": ""0.0000 USDT"" }, { ""weight"": 50, ""symbol"": { ""symbol"": ""4,USD"", ""contract"": ""usdollarcoin"" }, ""reserve"": ""0.0000 USD"" } ]"
52	52	DOPAZ	30	0	1603532090	1603532255	"[ { ""weight"": 20, ""symbol"": { ""symbol"": ""4,EOS"", ""contract"": ""eosio.token"" }, ""reserve"": ""0.0000 EOS"" }, { ""weight"": 80, ""symbol"": { ""symbol"": ""4,LDSR"", ""contract"": ""muye11111111"" }, ""reserve"": ""0.0000 LDSR"" } ]"
53	53	DOPBA	30	0	1603543951	1603543951	"[ { ""weight"": 50, ""symbol"": { ""symbol"": ""4,EOS"", ""contract"": ""eosio.token"" }, ""reserve"": ""0.0000 EOS"" }, { ""weight"": 50, ""symbol"": { ""symbol"": ""4,RAB"", ""contract"": ""rabbitstoken"" }, ""reserve"": ""0.0000 RAB"" } ]"
54	54	DOPBB	30	0	1603544047	1603544047	"[ { ""weight"": 50, ""symbol"": { ""symbol"": ""4,EOS"", ""contract"": ""eosio.token"" }, ""reserve"": ""0.0000 EOS"" }, { ""weight"": 50, ""symbol"": { ""symbol"": ""4,CRT"", ""contract"": ""carrotstoken"" }, ""reserve"": ""0.0000 CRT"" } ]"
55	55	DOPBC	30	0	1603544088	1603544088	"[ { ""weight"": 50, ""symbol"": { ""symbol"": ""4,RAB"", ""contract"": ""rabbitstoken"" }, ""reserve"": ""0.0000 RAB"" }, { ""weight"": 50, ""symbol"": { ""symbol"": ""4,CRT"", ""contract"": ""carrotstoken"" }, ""reserve"": ""0.0000 CRT"" } ]"
56	56	DOPBD	30	0	1603648596	1603648596	"[ { ""weight"": 80, ""symbol"": { ""symbol"": ""8,YFC"", ""contract"": ""yfctokenmain"" }, ""reserve"": ""0.00000000 YFC"" }, { ""weight"": 20, ""symbol"": { ""symbol"": ""8,DOP"", ""contract"": ""dolphintoken"" }, ""reserve"": ""0.00000000 DOP"" } ]"
57	57	DOPBE	30	10000000	1603726085	1603726123	"[ { ""weight"": 50, ""symbol"": { ""symbol"": ""4,MICH"", ""contract"": ""mine4charity"" }, ""reserve"": ""1000.0000 MICH"" }, { ""weight"": 50, ""symbol"": { ""symbol"": ""4,CRG"", ""contract"": ""efraimeosdev"" }, ""reserve"": ""1000.0000 CRG"" } ]"
58	58	DOPBF	30	296900	1603759146	1604570515	"[ { ""weight"": 80, ""symbol"": { ""symbol"": ""4,EOS"", ""contract"": ""eosio.token"" }, ""reserve"": ""1.0084 EOS"" }, { ""weight"": 20, ""symbol"": { ""symbol"": ""4,TKT"", ""contract"": ""eossanguotkt"" }, ""reserve"": ""656.1287 TKT"" } ]"
59	59	DOPBG	30	0	1603778843	1603779215	"[ { ""weight"": 50, ""symbol"": { ""symbol"": ""4,KEY"", ""contract"": ""mkstaketoken"" }, ""reserve"": ""0.0000 KEY"" }, { ""weight"": 50, ""symbol"": { ""symbol"": ""4,CCC"", ""contract"": ""eoscccdotcom"" }, ""reserve"": ""0.0000 CCC"" } ]"
60	60	DOPBH	30	0	1603837263	1604680309	"[ { ""weight"": 80, ""symbol"": { ""symbol"": ""10,DMD"", ""contract"": ""eosdmdtokens"" }, ""reserve"": ""0.0000000000 DMD"" }, { ""weight"": 20, ""symbol"": { ""symbol"": ""8,DOP"", ""contract"": ""dolphintoken"" }, ""reserve"": ""0.00000000 DOP"" } ]"
61	61	DOPBI	30	957865	1603855269	1604722728	"[ { ""weight"": 98, ""symbol"": { ""symbol"": ""4,TKT"", ""contract"": ""eossanguotkt"" }, ""reserve"": ""9956.6004 TKT"" }, { ""weight"": 2, ""symbol"": { ""symbol"": ""4,EOS"", ""contract"": ""eosio.token"" }, ""reserve"": ""0.0888 EOS"" } ]"
62	62	DOPBJ	30	1046667538	1603858785	1605426260	"[ { ""weight"": 50, ""symbol"": { ""symbol"": ""8,PBTC"", ""contract"": ""btc.ptokens"" }, ""reserve"": ""13.16853650 PBTC"" }, { ""weight"": 50, ""symbol"": { ""symbol"": ""4,EOS"", ""contract"": ""eosio.token"" }, ""reserve"": ""83218.4005 EOS"" } ]"
63	63	DOPBK	30	0	1603892615	1603892615	"[ { ""weight"": 2, ""symbol"": { ""symbol"": ""4,WOW"", ""contract"": ""tennisfortwo"" }, ""reserve"": ""0.0000 WOW"" }, { ""weight"": 98, ""symbol"": { ""symbol"": ""4,USDT"", ""contract"": ""tethertether"" }, ""reserve"": ""0.0000 USDT"" } ]"
64	64	DOPBL	30	0	1603934279	1603934279	"[ { ""weight"": 2, ""symbol"": { ""symbol"": ""3,IQ"", ""contract"": ""everipediaiq"" }, ""reserve"": ""0.000 IQ"" }, { ""weight"": 98, ""symbol"": { ""symbol"": ""4,TPT"", ""contract"": ""eosiotptoken"" }, ""reserve"": ""0.0000 TPT"" } ]"
65	65	DOPBM	30	0	1603938196	1603938196	"[ { ""weight"": 98, ""symbol"": { ""symbol"": ""4,OGX"", ""contract"": ""organixtoken"" }, ""reserve"": ""0.0000 OGX"" }, { ""weight"": 2, ""symbol"": { ""symbol"": ""3,IQ"", ""contract"": ""everipediaiq"" }, ""reserve"": ""0.000 IQ"" } ]"
66	66	DOPBN	30	4870825954	1603959801	1605421832	"[ { ""weight"": 50, ""symbol"": { ""symbol"": ""4,DBG"", ""contract"": ""dvaultdtoken"" }, ""reserve"": ""6415218.8171 DBG"" }, { ""weight"": 50, ""symbol"": { ""symbol"": ""4,EOS"", ""contract"": ""eosio.token"" }, ""reserve"": ""36985.7423 EOS"" } ]"
67	67	DOPBO	30	0	1603985630	1603985630	"[ { ""weight"": 50, ""symbol"": { ""symbol"": ""4,CAT"", ""contract"": ""eoscatstoken"" }, ""reserve"": ""0.0000 CAT"" }, { ""weight"": 50, ""symbol"": { ""symbol"": ""4,EOS"", ""contract"": ""eosio.token"" }, ""reserve"": ""0.0000 EOS"" } ]"
68	68	DOPBP	30	0	1603992100	1603992100	"[ { ""weight"": 98, ""symbol"": { ""symbol"": ""4,EOS"", ""contract"": ""eosio.token"" }, ""reserve"": ""0.0000 EOS"" }, { ""weight"": 2, ""symbol"": { ""symbol"": ""8,PBTC"", ""contract"": ""btc.ptokens"" }, ""reserve"": ""0.00000000 PBTC"" } ]"
69	69	DOPBQ	30	0	1604008350	1604507697	"[ { ""weight"": 80, ""symbol"": { ""symbol"": ""4,FAST"", ""contract"": ""fastecoadmin"" }, ""reserve"": ""0.0000 FAST"" }, { ""weight"": 20, ""symbol"": { ""symbol"": ""4,EOS"", ""contract"": ""eosio.token"" }, ""reserve"": ""0.0000 EOS"" } ]"
70	70	DOPBR	30	0	1604037096	1604037096	"[ { ""weight"": 80, ""symbol"": { ""symbol"": ""3,WAL"", ""contract"": ""whaleextoken"" }, ""reserve"": ""0.000 WAL"" }, { ""weight"": 20, ""symbol"": { ""symbol"": ""4,USDT"", ""contract"": ""tethertether"" }, ""reserve"": ""0.0000 USDT"" } ]"
71	71	DOPBS	30	0	1604050599	1604050599	"[ { ""weight"": 80, ""symbol"": { ""symbol"": ""8,PBTC"", ""contract"": ""btc.ptokens"" }, ""reserve"": ""0.00000000 PBTC"" }, { ""weight"": 20, ""symbol"": { ""symbol"": ""4,EOS"", ""contract"": ""eosio.token"" }, ""reserve"": ""0.0000 EOS"" } ]"
72	72	DOPBT	30	0	1604071903	1604071903	"[ { ""weight"": 98, ""symbol"": { ""symbol"": ""4,DBG"", ""contract"": ""dvaultdtoken"" }, ""reserve"": ""0.0000 DBG"" }, { ""weight"": 2, ""symbol"": { ""symbol"": ""4,EOS"", ""contract"": ""eosio.token"" }, ""reserve"": ""0.0000 EOS"" } ]"
73	73	DOPBU	30	0	1604075386	1604075386	"[ { ""weight"": 50, ""symbol"": { ""symbol"": ""4,FINTEH"", ""contract"": ""fintehdeploy"" }, ""reserve"": ""0.0000 FINTEH"" }, { ""weight"": 50, ""symbol"": { ""symbol"": ""4,USDT"", ""contract"": ""tethertether"" }, ""reserve"": ""0.0000 USDT"" } ]"
74	74	DOPBV	30	2213594	1604075660	1604491123	"[ { ""weight"": 98, ""symbol"": { ""symbol"": ""4,FINTEH"", ""contract"": ""fintehdeploy"" }, ""reserve"": ""4900.0000 FINTEH"" }, { ""weight"": 2, ""symbol"": { ""symbol"": ""4,USDT"", ""contract"": ""tethertether"" }, ""reserve"": ""10.0000 USDT"" } ]"
75	75	DOPBW	30	0	1604080640	1604111059	"[ { ""weight"": 80, ""symbol"": { ""symbol"": ""4,DBG"", ""contract"": ""dvaultdtoken"" }, ""reserve"": ""0.0000 DBG"" }, { ""weight"": 20, ""symbol"": { ""symbol"": ""4,EOS"", ""contract"": ""eosio.token"" }, ""reserve"": ""0.0000 EOS"" } ]"
76	76	DOPBX	30	0	1604080700	1604084201	"[ { ""weight"": 20, ""symbol"": { ""symbol"": ""4,DBG"", ""contract"": ""dvaultdtoken"" }, ""reserve"": ""0.0000 DBG"" }, { ""weight"": 80, ""symbol"": { ""symbol"": ""4,EOS"", ""contract"": ""eosio.token"" }, ""reserve"": ""0.0000 EOS"" } ]"
77	77	DOPBY	30	0	1604094901	1604238720	"[ { ""weight"": 2, ""symbol"": { ""symbol"": ""8,DOP"", ""contract"": ""dolphintoken"" }, ""reserve"": ""0.00000000 DOP"" }, { ""weight"": 98, ""symbol"": { ""symbol"": ""4,VIG"", ""contract"": ""vig111111111"" }, ""reserve"": ""0.0000 VIG"" } ]"
78	78	DOPBZ	30	0	1604167996	1604167996	"[ { ""weight"": 50, ""symbol"": { ""symbol"": ""4,EOS"", ""contract"": ""eosio.token"" }, ""reserve"": ""0.0000 EOS"" }, { ""weight"": 50, ""symbol"": { ""symbol"": ""6,BOX"", ""contract"": ""token.defi"" }, ""reserve"": ""0.000000 BOX"" } ]"
79	79	DOPCA	30	0	1604241379	1604346594	"[ { ""weight"": 80, ""symbol"": { ""symbol"": ""4,TKT"", ""contract"": ""eossanguotkt"" }, ""reserve"": ""0.0000 TKT"" }, { ""weight"": 20, ""symbol"": { ""symbol"": ""4,EOS"", ""contract"": ""eosio.token"" }, ""reserve"": ""0.0000 EOS"" } ]"
80	80	DOPCB	30	0	1604244019	1604244019	"[ { ""weight"": 50, ""symbol"": { ""symbol"": ""4,TKT"", ""contract"": ""eossanguotkt"" }, ""reserve"": ""0.0000 TKT"" }, { ""weight"": 50, ""symbol"": { ""symbol"": ""6,BOX"", ""contract"": ""token.defi"" }, ""reserve"": ""0.000000 BOX"" } ]"
81	81	DOPCC	30	0	1604414638	1604414638	"[ { ""weight"": 98, ""symbol"": { ""symbol"": ""4,USDT"", ""contract"": ""tethertether"" }, ""reserve"": ""0.0000 USDT"" }, { ""weight"": 2, ""symbol"": { ""symbol"": ""4,FINTEH"", ""contract"": ""fintehdeploy"" }, ""reserve"": ""0.0000 FINTEH"" } ]"
82	82	DOPCD	30	0	1604422959	1604490829	"[ { ""weight"": 80, ""symbol"": { ""symbol"": ""4,USDT"", ""contract"": ""tethertether"" }, ""reserve"": ""0.0000 USDT"" }, { ""weight"": 20, ""symbol"": { ""symbol"": ""4,FINTEH"", ""contract"": ""fintehdeploy"" }, ""reserve"": ""0.0000 FINTEH"" } ]"
83	83	DOPCE	30	137890	1604427811	1604428304	"[ { ""weight"": 98, ""symbol"": { ""symbol"": ""4,CCC"", ""contract"": ""eoscccdotcom"" }, ""reserve"": ""1850.0000 CCC"" }, { ""weight"": 2, ""symbol"": { ""symbol"": ""4,EOS"", ""contract"": ""eosio.token"" }, ""reserve"": ""0.1027 EOS"" } ]"
84	84	DOPCF	30	0	1604520652	1604521156	"[ { ""weight"": 20, ""symbol"": { ""symbol"": ""8,DOP"", ""contract"": ""dolphintoken"" }, ""reserve"": ""0.00000000 DOP"" }, { ""weight"": 80, ""symbol"": { ""symbol"": ""8,WEED"", ""contract"": ""weedcashntwk"" }, ""reserve"": ""0.00000000 WEED"" } ]"
85	85	DOPCG	30	0	1604566399	1605336067	"[ { ""weight"": 80, ""symbol"": { ""symbol"": ""4,WOW"", ""contract"": ""tennisfortwo"" }, ""reserve"": ""0.0000 WOW"" }, { ""weight"": 20, ""symbol"": { ""symbol"": ""4,EOS"", ""contract"": ""eosio.token"" }, ""reserve"": ""0.0000 EOS"" } ]"
86	86	DOPCH	30	16988	1604618726	1604618778	"[ { ""weight"": 80, ""symbol"": { ""symbol"": ""4,CCC"", ""contract"": ""eoscccdotcom"" }, ""reserve"": ""20.0000 CCC"" }, { ""weight"": 20, ""symbol"": { ""symbol"": ""4,KEY"", ""contract"": ""mkstaketoken"" }, ""reserve"": ""0.1443 KEY"" } ]"
87	87	DOPCI	30	13038404	1604662260	1604663406	"[ { ""weight"": 50, ""symbol"": { ""symbol"": ""8,POW"", ""contract"": ""eosiopowcoin"" }, ""reserve"": ""195.61580984 POW"" }, { ""weight"": 50, ""symbol"": { ""symbol"": ""4,EOS"", ""contract"": ""eosio.token"" }, ""reserve"": ""0.8691 EOS"" } ]"
88	88	DOPCJ	30	0	1604766651	1604766651	"[ { ""weight"": 20, ""symbol"": { ""symbol"": ""8,DOP"", ""contract"": ""dolphintoken"" }, ""reserve"": ""0.00000000 DOP"" }, { ""weight"": 80, ""symbol"": { ""symbol"": ""4,DEOS"", ""contract"": ""eosdmddtoken"" }, ""reserve"": ""0.0000 DEOS"" } ]"
89	89	DOPCK	30	0	1604839278	1604839278	"[ { ""weight"": 50, ""symbol"": { ""symbol"": ""10,CRL"", ""contract"": ""coralfitoken"" }, ""reserve"": ""0.0000000000 CRL"" }, { ""weight"": 50, ""symbol"": { ""symbol"": ""4,EOS"", ""contract"": ""eosio.token"" }, ""reserve"": ""0.0000 EOS"" } ]"
90	90	DOPCL	30	0	1604895457	1604895457	"[ { ""weight"": 50, ""symbol"": { ""symbol"": ""4,CAD"", ""contract"": ""usdollarcoin"" }, ""reserve"": ""0.0000 CAD"" }, { ""weight"": 50, ""symbol"": { ""symbol"": ""4,USD"", ""contract"": ""usdollarcoin"" }, ""reserve"": ""0.0000 USD"" } ]"
91	91	DOPCM	30	0	1604920037	1604920037	"[ { ""weight"": 50, ""symbol"": { ""symbol"": ""4,LITE"", ""contract"": ""buildertoken"" }, ""reserve"": ""0.0000 LITE"" }, { ""weight"": 50, ""symbol"": { ""symbol"": ""4,EOS"", ""contract"": ""eosio.token"" }, ""reserve"": ""0.0000 EOS"" } ]"
92	92	DOPCN	30	0	1604980510	1604980510	"[ { ""weight"": 80, ""symbol"": { ""symbol"": ""4,EOS"", ""contract"": ""eosio.token"" }, ""reserve"": ""0.0000 EOS"" }, { ""weight"": 20, ""symbol"": { ""symbol"": ""4,DEOS"", ""contract"": ""eosdmddtoken"" }, ""reserve"": ""0.0000 DEOS"" } ]"
93	93	DOPCO	30	0	1604980573	1604980573	"[ { ""weight"": 98, ""symbol"": { ""symbol"": ""4,EOS"", ""contract"": ""eosio.token"" }, ""reserve"": ""0.0000 EOS"" }, { ""weight"": 2, ""symbol"": { ""symbol"": ""10,CRL"", ""contract"": ""coralfitoken"" }, ""reserve"": ""0.0000000000 CRL"" } ]"
94	94	DOPCP	30	0	1604980639	1604980639	"[ { ""weight"": 80, ""symbol"": { ""symbol"": ""10,DMD"", ""contract"": ""eosdmdtokens"" }, ""reserve"": ""0.0000000000 DMD"" }, { ""weight"": 20, ""symbol"": { ""symbol"": ""4,DEOS"", ""contract"": ""eosdmddtoken"" }, ""reserve"": ""0.0000 DEOS"" } ]"
95	95	DOPCQ	30	0	1604993906	1604993906	"[ { ""weight"": 20, ""symbol"": { ""symbol"": ""4,EOS"", ""contract"": ""eosio.token"" }, ""reserve"": ""0.0000 EOS"" }, { ""weight"": 80, ""symbol"": { ""symbol"": ""4,USD"", ""contract"": ""usdollarcoin"" }, ""reserve"": ""0.0000 USD"" } ]"
96	96	DOPCR	30	0	1605014272	1605014272	"[ { ""weight"": 50, ""symbol"": { ""symbol"": ""8,PBTC"", ""contract"": ""btc.ptokens"" }, ""reserve"": ""0.00000000 PBTC"" }, { ""weight"": 50, ""symbol"": { ""symbol"": ""8,DOP"", ""contract"": ""dolphintoken"" }, ""reserve"": ""0.00000000 DOP"" } ]"
97	97	DOPCS	30	0	1605080800	1605080800	"[ { ""weight"": 50, ""symbol"": { ""symbol"": ""4,USD"", ""contract"": ""usdollarcoin"" }, ""reserve"": ""0.0000 USD"" }, { ""weight"": 50, ""symbol"": { ""symbol"": ""4,CNY"", ""contract"": ""usdollarcoin"" }, ""reserve"": ""0.0000 CNY"" } ]"
98	98	DOPCT	30	0	1605080896	1605080896	"[ { ""weight"": 20, ""symbol"": { ""symbol"": ""4,USDT"", ""contract"": ""tethertether"" }, ""reserve"": ""0.0000 USDT"" }, { ""weight"": 80, ""symbol"": { ""symbol"": ""4,USD"", ""contract"": ""usdollarcoin"" }, ""reserve"": ""0.0000 USD"" } ]"
99	99	DOPCU	30	0	1605250373	1605276944	"[ { ""weight"": 50, ""symbol"": { ""symbol"": ""8,DOP"", ""contract"": ""dolphintoken"" }, ""reserve"": ""0.00000000 DOP"" }, { ""weight"": 50, ""symbol"": { ""symbol"": ""4,USDT"", ""contract"": ""tethertether"" }, ""reserve"": ""0.0000 USDT"" } ]"
100	100	DOPCV	30	0	1605253663	1605276980	"[ { ""weight"": 50, ""symbol"": { ""symbol"": ""10,DMD"", ""contract"": ""eosdmdtokens"" }, ""reserve"": ""0.0000000000 DMD"" }, { ""weight"": 50, ""symbol"": { ""symbol"": ""4,USDT"", ""contract"": ""tethertether"" }, ""reserve"": ""0.0000 USDT"" } ]"
101	101	DOPCW	30	0	1605253850	1605276954	"[ { ""weight"": 50, ""symbol"": { ""symbol"": ""4,HUB"", ""contract"": ""eoshubtokens"" }, ""reserve"": ""0.0000 HUB"" }, { ""weight"": 50, ""symbol"": { ""symbol"": ""4,USDT"", ""contract"": ""tethertether"" }, ""reserve"": ""0.0000 USDT"" } ]"
102	102	DOPCX	30	4955092039	1605253957	1605426283	"[ { ""weight"": 50, ""symbol"": { ""symbol"": ""6,CASH"", ""contract"": ""polycashmain"" }, ""reserve"": ""136121.722569 CASH"" }, { ""weight"": 50, ""symbol"": { ""symbol"": ""4,EOS"", ""contract"": ""eosio.token"" }, ""reserve"": ""18059.0609 EOS"" } ]"
103	103	DOPCY	30	0	1605278276	1605278763	"[ { ""weight"": 50, ""symbol"": { ""symbol"": ""8,PBTC"", ""contract"": ""btc.ptokens"" }, ""reserve"": ""0.00000000 PBTC"" }, { ""weight"": 50, ""symbol"": { ""symbol"": ""4,USDT"", ""contract"": ""tethertether"" }, ""reserve"": ""0.0000 USDT"" } ]"
104	104	DOPCZ	30	0	1605311416	1605348211	"[ { ""weight"": 50, ""symbol"": { ""symbol"": ""6,CASH"", ""contract"": ""polycashmain"" }, ""reserve"": ""0.000000 CASH"" }, { ""weight"": 50, ""symbol"": { ""symbol"": ""4,USDT"", ""contract"": ""tethertether"" }, ""reserve"": ""0.0000 USDT"" } ]"
105	105	DOPDA	30	0	1605321848	1605321848	"[ { ""weight"": 2, ""symbol"": { ""symbol"": ""10,DMD"", ""contract"": ""eosdmdtokens"" }, ""reserve"": ""0.0000000000 DMD"" }, { ""weight"": 98, ""symbol"": { ""symbol"": ""4,EOS"", ""contract"": ""eosio.token"" }, ""reserve"": ""0.0000 EOS"" } ]"
106	106	DOPDB	30	0	1605321897	1605321897	"[ { ""weight"": 98, ""symbol"": { ""symbol"": ""10,DMD"", ""contract"": ""eosdmdtokens"" }, ""reserve"": ""0.0000000000 DMD"" }, { ""weight"": 2, ""symbol"": { ""symbol"": ""4,EOS"", ""contract"": ""eosio.token"" }, ""reserve"": ""0.0000 EOS"" } ]"
107	107	DOPDC	30	0	1605341361	1605341361	"[ { ""weight"": 50, ""symbol"": { ""symbol"": ""4,WOOL"", ""contract"": ""woolfintoken"" }, ""reserve"": ""0.0000 WOOL"" }, { ""weight"": 50, ""symbol"": { ""symbol"": ""6,CASH"", ""contract"": ""polycashmain"" }, ""reserve"": ""0.000000 CASH"" } ]"
